{"noiseKey":{"private":{"type":"Buffer","data":"IJ5KruEbq5eVFMAwOy9RdhRybL6U0oMV2yRb8wn4SGo="},"public":{"type":"Buffer","data":"h/IxlZpJZVKr8l88AdOcmQ57vWOyEuFnx8DrrnGm2iM="}},"pairingEphemeralKeyPair":{"private":{"type":"Buffer","data":"6F5t7Pg7Mg0UmxJMWEagw7zTYMzov8Zjx2bhFtnG1GY="},"public":{"type":"Buffer","data":"j9puwxffOhHj+/JVZxhDWwp3U/bY81EJNg/rsd1sskQ="}},"signedIdentityKey":{"private":{"type":"Buffer","data":"KMgA9dSayBfSe8xYA5DaAyUgrBBa3OkDDIDmvRVHr1g="},"public":{"type":"Buffer","data":"mfzqNwEJW7PeeYdYVfWeingvGqN2dUhb7gQf8vh/ykQ="}},"signedPreKey":{"keyPair":{"private":{"type":"Buffer","data":"+CkaNuYMRGojumPobIiTd7ms757/W0rwvdEsZP3OUGM="},"public":{"type":"Buffer","data":"G+WRFpHdoWYB1jPEa8sknykOQ7miVvJT7RUgVgMNcWI="}},"signature":{"type":"Buffer","data":"VWxmUrZFytpWq/T6MVaNi+CnnaxP/ee7loCJ8T9x7+Vfh6xPdw26Y1yjepKI2k//bhOkMMW+7F47u3VnpNWkCw=="},"keyId":1},"registrationId":244,"advSecretKey":"mMHvsFDeOusDe4/DVRlHip+FPyh0MNoTZKZiuLV1nsQ=","processedHistoryMessages":[],"nextPreKeyId":31,"firstUnuploadedPreKeyId":31,"accountSyncCounter":0,"accountSettings":{"unarchiveChats":false},"deviceId":"7Z8kkMEvQWq0YfnSa5RIJQ","phoneId":"efad71c6-831e-4b65-b1c3-24da48f97430","identityId":{"type":"Buffer","data":"AXqZfsH6EcT/COlUJSA91j7lECY="},"registered":true,"backupToken":{"type":"Buffer","data":"z9F8IKq9+fLDmgRhVj0oo8USIEY="},"registration":{},"pairingCode":"RG9VX939","me":{"id":"233276895312:20@s.whatsapp.net","name":"༺𝕶𝖎𝖓𝖌_𝖑𝖚𝖋𝖋𝖞༻"},"account":{"details":"CJ/S+zgQyfXgtwYYBiAAKAA=","accountSignatureKey":"rVnKtqaKIPoanfnEWhTcYLICYv5dy+31Dj3Ha3igs18=","accountSignature":"oWL2qN8MDsfEFvNqPlQCkbUh6ObXpeX5HrU2UUw4IJzILVJEhHQsbq/dkyoDOaP5/H4U5Ub/dzUz/mZXOzF8Bw==","deviceSignature":"g7QWcw7Vyfx6H65sxnJJ+i6JiyjKkzeQyF+uZJ2KN3FKWiu07ABQj66EnNneqyzFJEnpID+U6gnNj8sv2hwnBA=="},"signalIdentities":[{"identifier":{"name":"233276895312:20@s.whatsapp.net","deviceId":0},"identifierKey":{"type":"Buffer","data":"Ba1ZyramiiD6Gp35xFoU3GCyAmL+Xcvt9Q49x2t4oLNf"}}],"platform":"smba","lastAccountSyncTimestamp":1727544029}
